-- --------------------------------------------------------
-- Software: Maian Music
-- MySQL Schematic
-- --------------------------------------------------------

-- Dumping structure for table mm_accounts
DROP TABLE IF EXISTS `mm_accounts`;
CREATE TABLE IF NOT EXISTS `mm_accounts` (
  `id` int(10) unsigned NOT NULL AUTO_INCREMENT,
  `name` varchar(250) NOT NULL DEFAULT '',
  `email` varchar(250) NOT NULL DEFAULT '',
  `pass` varchar(250) NOT NULL DEFAULT '',
  `ip` varchar(250) NOT NULL DEFAULT '',
  `ts` int(30) NOT NULL DEFAULT '0',
  `enabled` enum('yes','no') NOT NULL DEFAULT 'yes',
  `system1` varchar(250) NOT NULL DEFAULT '',
  `system2` varchar(250) NOT NULL DEFAULT '',
  `notes` text default null,
  `timezone` varchar(50) NOT NULL DEFAULT '',
  `country` int(5) NOT NULL DEFAULT '183',
  `shipping` int(5) NOT NULL DEFAULT '0',
  `token` varchar(50) NOT NULL DEFAULT '',
  `bypass` enum('yes','no') NOT NULL DEFAULT 'no',
  `login` enum('yes','no') NOT NULL DEFAULT 'yes',
  PRIMARY KEY (`id`)
) ENGINE=MyISAM DEFAULT CHARSET=utf8;

-- Dumping structure for table mm_accounts_addr
DROP TABLE IF EXISTS `mm_accounts_addr`;
CREATE TABLE IF NOT EXISTS `mm_accounts_addr` (
  `id` int(10) unsigned NOT NULL AUTO_INCREMENT,
  `account` int(30) NOT NULL DEFAULT '0',
  `address1` varchar(250) NOT NULL DEFAULT '',
  `address2` varchar(250) NOT NULL DEFAULT '',
  `city` varchar(250) NOT NULL DEFAULT '',
  `county` varchar(250) NOT NULL DEFAULT '',
  `postcode` varchar(250) NOT NULL DEFAULT '',
  `country` int(5) NOT NULL DEFAULT '183',
  `default` enum('yes','no') NOT NULL DEFAULT 'yes',
  PRIMARY KEY (`id`),
  KEY `acc` (`account`)
) ENGINE=MyISAM DEFAULT CHARSET=utf8;

-- Dumping structure for table mm_accounts_login
DROP TABLE IF EXISTS `mm_accounts_login`;
CREATE TABLE IF NOT EXISTS `mm_accounts_login` (
  `id` int(7) unsigned NOT NULL AUTO_INCREMENT,
  `account` int(7) NOT NULL DEFAULT '0',
  `ip` varchar(250) NOT NULL DEFAULT '',
  `ts` int(30) NOT NULL DEFAULT '0',
  `iso` char(2) NOT NULL DEFAULT '',
  `country` varchar(250) NOT NULL DEFAULT '',
  PRIMARY KEY (`id`),
  KEY `saleid_index` (`account`)
) ENGINE=MyISAM DEFAULT CHARSET=utf8;

-- Dumping structure for table mm_boxes
DROP TABLE IF EXISTS `mm_boxes`;
CREATE TABLE IF NOT EXISTS `mm_boxes` (
  `id` int(7) NOT NULL AUTO_INCREMENT,
  `title` varchar(250) NOT NULL DEFAULT '',
  `info` text default null,
  `ordr` int(5) NOT NULL DEFAULT '0',
  `en` enum('yes','no') NOT NULL DEFAULT 'yes',
  `tmp` varchar(250) NOT NULL DEFAULT '',
  `icon` varchar(200) NOT NULL DEFAULT '',
  PRIMARY KEY (`id`)
) ENGINE=MyISAM DEFAULT CHARSET=utf8;

-- Dumping structure for table mm_collections
DROP TABLE IF EXISTS `mm_collections`;
CREATE TABLE IF NOT EXISTS `mm_collections` (
  `id` int(7) NOT NULL AUTO_INCREMENT,
  `name` varchar(250) NOT NULL DEFAULT '',
  `title` text default null,
  `metakeys` text default null,
  `metadesc` text default null,
  `slug` text default null,
  `information` text default null,
  `searchtags` text default null,
  `social` text default null,
  `coverart` text default null,
  `coverartother` text default null,
  `enabled` enum('yes','no') NOT NULL DEFAULT 'yes',
  `views` int(10) unsigned NOT NULL DEFAULT '0',
  `released` int(30) NOT NULL DEFAULT '0',
  `catnumber` varchar(200) NOT NULL DEFAULT '',
  `cost` varchar(10) NOT NULL DEFAULT '',
  `costcd` varchar(10) NOT NULL DEFAULT '',
  `added` int(30) NOT NULL DEFAULT '0',
  `updated` int(30) NOT NULL DEFAULT '0',
  `related` text default null,
  `length` varchar(200) NOT NULL DEFAULT '',
  `bitrate` varchar(100) NOT NULL DEFAULT '',
  PRIMARY KEY (`id`),
  KEY `name` (`name`)
) ENGINE=MyISAM DEFAULT CHARSET=utf8;

-- Dumping structure for table mm_collection_styles
DROP TABLE IF EXISTS `mm_collection_styles`;
CREATE TABLE IF NOT EXISTS `mm_collection_styles` (
  `id` int(4) unsigned NOT NULL AUTO_INCREMENT,
  `style` int(8) NOT NULL DEFAULT '0',
  `collection` int(8) NOT NULL DEFAULT '0',
  PRIMARY KEY (`id`),
  KEY `style` (`style`),
  KEY `col` (`collection`)
) ENGINE=MyISAM DEFAULT CHARSET=utf8;

-- Dumping structure for table mm_countries
DROP TABLE IF EXISTS `mm_countries`;
CREATE TABLE IF NOT EXISTS `mm_countries` (
  `id` int(4) unsigned NOT NULL AUTO_INCREMENT,
  `name` varchar(250) NOT NULL DEFAULT '',
  `iso` varchar(3) NOT NULL DEFAULT '',
  `iso2` char(2) NOT NULL DEFAULT '',
  `iso4217` varchar(50) NOT NULL DEFAULT '0',
  `tax` char(2) NOT NULL DEFAULT '',
  `tax2` char(2) NOT NULL DEFAULT '',
  `display` enum('yes','no') NOT NULL DEFAULT 'yes',
  `eu` enum('yes','no') NOT NULL DEFAULT 'no',
  `geoname_id` int(11) NOT NULL DEFAULT '0',
  PRIMARY KEY (`id`),
  KEY `iso` (`iso`)
) ENGINE=MyISAM DEFAULT CHARSET=utf8;

-- Dumping structure for table mm_coupons
DROP TABLE IF EXISTS `mm_coupons`;
CREATE TABLE IF NOT EXISTS `mm_coupons` (
  `id` int(10) unsigned NOT NULL AUTO_INCREMENT,
  `code` varchar(30) NOT NULL DEFAULT '',
  `discount` varchar(10) NOT NULL DEFAULT '',
  `expiry` int(30) NOT NULL DEFAULT '0',
  `enabled` enum('yes','no') NOT NULL DEFAULT 'yes',
  `accounts` text default null,
  PRIMARY KEY (`id`),
  KEY `code` (`code`)
) ENGINE=MyISAM DEFAULT CHARSET=utf8;

-- Dumping structure for table mm_gateways
DROP TABLE IF EXISTS `mm_gateways`;
CREATE TABLE IF NOT EXISTS `mm_gateways` (
  `id` int(3) NOT NULL AUTO_INCREMENT,
  `display` varchar(100) NOT NULL DEFAULT '',
  `liveserver` varchar(250) NOT NULL DEFAULT '',
  `sandboxserver` varchar(250) NOT NULL DEFAULT '',
  `image` varchar(100) NOT NULL DEFAULT '',
  `webpage` varchar(100) NOT NULL DEFAULT '',
  `status` enum('yes','no') NOT NULL DEFAULT 'yes',
  `class` varchar(100) NOT NULL DEFAULT '',
  `default` enum('yes','no') NOT NULL DEFAULT 'no',
  `docs` varchar(200) NOT NULL DEFAULT '',
  PRIMARY KEY (`id`)
) ENGINE=MyISAM DEFAULT CHARSET=utf8;

-- Dumping structure for table mm_gateways_params
DROP TABLE IF EXISTS `mm_gateways_params`;
CREATE TABLE IF NOT EXISTS `mm_gateways_params` (
  `id` int(3) NOT NULL AUTO_INCREMENT,
  `gateway` int(6) NOT NULL DEFAULT '0',
  `param` varchar(200) NOT NULL DEFAULT '',
  `value` varchar(250) NOT NULL DEFAULT '',
  PRIMARY KEY (`id`),
  KEY `mthd_index` (`gateway`)
) ENGINE=MyISAM DEFAULT CHARSET=utf8;

-- Dumping structure for table mm_geo_ipv6
DROP TABLE IF EXISTS `mm_geo_ipv6`;
CREATE TABLE IF NOT EXISTS `mm_geo_ipv6` (
  `id` int(10) unsigned NOT NULL AUTO_INCREMENT,
  `from_ip` varchar(100) CHARACTER SET latin1 NOT NULL DEFAULT '',
  `to_ip` varchar(100) CHARACTER SET latin1 NOT NULL DEFAULT '',
  `loc_start` varchar(100) CHARACTER SET latin1 NOT NULL DEFAULT '0',
  `loc_end` varchar(100) CHARACTER SET latin1 NOT NULL DEFAULT '0',
  `country_iso` char(2) CHARACTER SET latin1 NOT NULL DEFAULT '',
  `country` varchar(100) CHARACTER SET latin1 NOT NULL DEFAULT '',
  PRIMARY KEY (`id`),
  KEY `from_ip` (`from_ip`),
  KEY `to_ip` (`to_ip`)
) ENGINE=MyISAM DEFAULT CHARSET=utf8;

-- Dumping structure for table mm_music
DROP TABLE IF EXISTS `mm_music`;
CREATE TABLE IF NOT EXISTS `mm_music` (
  `id` int(9) NOT NULL AUTO_INCREMENT,
  `title` varchar(250) NOT NULL DEFAULT '',
  `collection` int(7) NOT NULL DEFAULT '0',
  `mp3file` text default null,
  `previewfile` text default null,
  `length` varchar(10) NOT NULL DEFAULT '',
  `bitrate` varchar(100) NOT NULL DEFAULT '',
  `samplerate` varchar(100) NOT NULL DEFAULT '',
  `cost` varchar(10) NOT NULL DEFAULT '',
  `order` int(9) NOT NULL DEFAULT '0',
  `ts` int(30) NOT NULL DEFAULT '0',
  `updated` int(30) NOT NULL DEFAULT '0',
  PRIMARY KEY (`id`),
  KEY `col` (`collection`),
  KEY `title` (`title`)
) ENGINE=MyISAM DEFAULT CHARSET=utf8;

-- Dumping structure for table mm_music_styles
DROP TABLE IF EXISTS `mm_music_styles`;
CREATE TABLE IF NOT EXISTS `mm_music_styles` (
  `id` int(4) unsigned NOT NULL AUTO_INCREMENT,
  `name` varchar(250) NOT NULL DEFAULT '',
  `slug` text default null,
  `enabled` enum('yes','no') NOT NULL DEFAULT 'yes',
  `type` int(10) NOT NULL DEFAULT '0',
  `orderby` varchar(10) NOT NULL DEFAULT '0',
  `collection` int(7) NOT NULL DEFAULT '0',
  `title` text default null,
  `metakeys` text default null,
  `metadesc` text default null,
  PRIMARY KEY (`id`)
) ENGINE=MyISAM DEFAULT CHARSET=utf8;

-- Dumping structure for table mm_offers
DROP TABLE IF EXISTS `mm_offers`;
CREATE TABLE IF NOT EXISTS `mm_offers` (
  `id` int(10) unsigned NOT NULL AUTO_INCREMENT,
  `discount` varchar(10) NOT NULL DEFAULT '',
  `expiry` int(30) NOT NULL DEFAULT '0',
  `type` enum('collections','tracks','all','cd') NOT NULL DEFAULT 'collections',
  `collections` text default null,
  `enabled` enum('yes','no') NOT NULL DEFAULT 'yes',
  PRIMARY KEY (`id`)
) ENGINE=MyISAM DEFAULT CHARSET=utf8;

-- Dumping structure for table mm_pages
DROP TABLE IF EXISTS `mm_pages`;
CREATE TABLE IF NOT EXISTS `mm_pages` (
  `id` int(7) NOT NULL AUTO_INCREMENT,
  `name` varchar(250) NOT NULL DEFAULT '',
  `info` text default null,
  `keys` text default null,
  `desc` text default null,
  `title` text default null,
  `orderby` int(5) NOT NULL DEFAULT '0',
  `template` varchar(250) NOT NULL DEFAULT '',
  `landing` enum('yes','no') NOT NULL DEFAULT 'no',
  `slug` text default null,
  `enabled` enum('yes','no') NOT NULL DEFAULT 'no',
  PRIMARY KEY (`id`)
) ENGINE=MyISAM DEFAULT CHARSET=utf8;

-- Dumping structure for table mm_sales
DROP TABLE IF EXISTS `mm_sales`;
CREATE TABLE IF NOT EXISTS `mm_sales` (
  `id` int(9) NOT NULL AUTO_INCREMENT,
  `invoice` varchar(64) NOT NULL DEFAULT '',
  `account` int(8) NOT NULL DEFAULT '0',
  `ip` text default null,
  `iso` char(2) NOT NULL DEFAULT '',
  `ts` int(30) NOT NULL DEFAULT '0',
  `gateway` int(11) NOT NULL DEFAULT '0',
  `paytotal` varchar(20) NOT NULL DEFAULT '0.00',
  `subtotal` varchar(20) NOT NULL DEFAULT '0.00',
  `shipping` varchar(10) NOT NULL DEFAULT '0.00',
  `tax` varchar(10) NOT NULL DEFAULT '0.00',
  `tax2` varchar(10) NOT NULL DEFAULT '0.00',
  `taxRate` varchar(10) NOT NULL DEFAULT '0',
  `taxRate2` varchar(10) NOT NULL DEFAULT '0',
  `taxCountry` int(3) NOT NULL DEFAULT '0',
  `taxCountry2` int(3) NOT NULL DEFAULT '0',
  `shipID` int(6) NOT NULL DEFAULT '0',
  `shippingAddr` text default null,
  `transaction` varchar(250) NOT NULL DEFAULT '',
  `locked` enum('yes','no') NOT NULL DEFAULT 'no',
  `lockreason` text default null,
  `enabled` enum('yes','no') NOT NULL DEFAULT 'no',
  `approved` enum('yes','no') NOT NULL DEFAULT 'yes',
  `status` varchar(250) NOT NULL DEFAULT '',
  `notes` text default null,
  `code` varchar(200) NOT NULL DEFAULT '',
  `refcode` varchar(200) NOT NULL DEFAULT '',
  `gateparams` text default null,
  `coupon` text default null,
  `sys1` varchar(200) NOT NULL DEFAULT '',
  `sys2` varchar(200) NOT NULL DEFAULT '',
  `gname` varchar(250) NOT NULL DEFAULT '',
  `gemail` varchar(250) NOT NULL DEFAULT '',
  PRIMARY KEY (`id`),
  KEY `acc` (`account`)
) ENGINE=MyISAM DEFAULT CHARSET=utf8;

-- Dumping structure for table mm_sales_click
DROP TABLE IF EXISTS `mm_sales_click`;
CREATE TABLE IF NOT EXISTS `mm_sales_click` (
  `id` int(7) unsigned NOT NULL AUTO_INCREMENT,
  `sale` int(7) NOT NULL DEFAULT '0',
  `trackcol` int(7) NOT NULL DEFAULT '0',
  `ip` varchar(250) NOT NULL DEFAULT '',
  `ts` int(30) NOT NULL DEFAULT '0',
  `action` varchar(250) NOT NULL DEFAULT '',
  `type` enum('admin','visitor') NOT NULL DEFAULT 'visitor',
  `iso` char(2) NOT NULL DEFAULT '',
  `country` varchar(250) NOT NULL DEFAULT '',
  PRIMARY KEY (`id`),
  KEY `saleid_index` (`sale`)
) ENGINE=MyISAM DEFAULT CHARSET=utf8;

-- Dumping structure for table mm_sales_clipboard
DROP TABLE IF EXISTS `mm_sales_clipboard`;
CREATE TABLE IF NOT EXISTS `mm_sales_clipboard` (
  `id` int(10) unsigned NOT NULL AUTO_INCREMENT,
  `trackcol` int(7) NOT NULL DEFAULT '0',
  `type` enum('track','collection') NOT NULL DEFAULT 'track',
  `physical` enum('yes','no') NOT NULL DEFAULT 'no',
  PRIMARY KEY (`id`)
) ENGINE=MyISAM DEFAULT CHARSET=utf8;

-- Dumping structure for table mm_sales_items
DROP TABLE IF EXISTS `mm_sales_items`;
CREATE TABLE IF NOT EXISTS `mm_sales_items` (
  `id` int(9) NOT NULL AUTO_INCREMENT,
  `sale` int(9) NOT NULL DEFAULT '0',
  `item` int(9) NOT NULL DEFAULT '0',
  `collection` int(9) NOT NULL DEFAULT '0',
  `type` enum('collection','track','none') NOT NULL DEFAULT 'none',
  `physical` enum('yes','no') NOT NULL DEFAULT 'no',
  `expiry` int(30) NOT NULL DEFAULT '0',
  `cost` varchar(10) NOT NULL DEFAULT '0.00',
  `clicks` int(30) NOT NULL DEFAULT '0',
  `token` varchar(40) NOT NULL DEFAULT '',
  PRIMARY KEY (`id`),
  KEY `sale` (`sale`),
  KEY `item` (`item`),
  KEY `col` (`collection`)
) ENGINE=MyISAM DEFAULT CHARSET=utf8;

-- Dumping structure for table mm_settings
DROP TABLE IF EXISTS `mm_settings`;
CREATE TABLE IF NOT EXISTS `mm_settings` (
  `id` tinyint(1) unsigned NOT NULL AUTO_INCREMENT,
  `website` varchar(100) NOT NULL DEFAULT '',
  `email` text default null,
  `httppath` varchar(250) NOT NULL DEFAULT '',
  `secfolder` varchar(250) NOT NULL DEFAULT '',
  `dateformat` varchar(20) NOT NULL DEFAULT '',
  `timeformat` varchar(10) NOT NULL DEFAULT '',
  `jsformat` varchar(15) NOT NULL DEFAULT 'DD-MM-YYYY',
  `timezone` varchar(50) NOT NULL DEFAULT '',
  `weekstart` enum('sun','mon') NOT NULL DEFAULT 'sun',
  `zip` enum('yes','no') NOT NULL DEFAULT 'yes',
  `rewrite` enum('yes','no') NOT NULL DEFAULT 'no',
  `paymode` enum('test','live') NOT NULL DEFAULT 'test',
  `responselog` enum('yes','no') NOT NULL DEFAULT 'yes',
  `propend` enum('yes','no') NOT NULL DEFAULT 'no',
  `version` varchar(10) NOT NULL DEFAULT '',
  `prodkey` varchar(60) NOT NULL DEFAULT '',
  `smtp_host` varchar(100) NOT NULL DEFAULT 'localhost',
  `smtp_user` varchar(100) NOT NULL DEFAULT '',
  `smtp_pass` varchar(100) NOT NULL DEFAULT '',
  `smtp_port` varchar(10) NOT NULL DEFAULT '25',
  `smtp_from` varchar(250) NOT NULL DEFAULT '',
  `smtp_email` varchar(250) NOT NULL DEFAULT '',
  `smtp_security` varchar(5) NOT NULL DEFAULT '',
  `smtp_other` text default null,
  `sysstatus` enum('yes','no') NOT NULL DEFAULT 'no',
  `autoenable` int(30) NOT NULL DEFAULT '0',
  `reason` text default null,
  `allowip` text default null,
  `currency` char(3) NOT NULL DEFAULT 'GBP',
  `invoice` int(8) NOT NULL DEFAULT '0',
  `curdisplay` varchar(250) NOT NULL DEFAULT '',
  `access` varchar(200) NOT NULL DEFAULT '',
  `afoot` text default null,
  `pfoot` text default null,
  `theme` varchar(250) NOT NULL DEFAULT '_theme_default',
  `featured` text default null,
  `metakeys` text default null,
  `metadesc` text default null,
  `minpass` int(5) NOT NULL DEFAULT '8',
  `emnotify` text default null,
  `deftax` tinyint(2) NOT NULL DEFAULT '0',
  `deftax2` tinyint(2) NOT NULL DEFAULT '0',
  `defCountry` int(3) NOT NULL DEFAULT '0',
  `defCountry2` int(3) NOT NULL DEFAULT '0',
  `resip` enum('yes','no') NOT NULL DEFAULT 'no',
  `licsubj` varchar(100) NOT NULL DEFAULT '',
  `licmsg` text default null,
  `licenable` enum('yes','no') NOT NULL DEFAULT 'no',
  `maxupdate` int(30) NOT NULL DEFAULT '0',
  `geoip` enum('yes','no') NOT NULL DEFAULT 'yes',
  `statistics` text default null,
  `minpurchase` varchar(20) NOT NULL DEFAULT '',
  `cdpur` enum('yes','no') NOT NULL DEFAULT 'yes',
  `rss` enum('yes','no') NOT NULL DEFAULT 'yes',
  `hideparams` enum('yes','no') NOT NULL DEFAULT 'no',
  `acclogin` enum('yes','no') NOT NULL DEFAULT 'yes',
  `accloginflag` int(5) NOT NULL DEFAULT '0',
  `termsmsg` text default null,
  `termsenable` enum('yes','no') NOT NULL DEFAULT 'no',
  `smtp_debug` enum('yes','no') NOT NULL DEFAULT 'no',
  `smtp_rfrom` varchar(250) NOT NULL DEFAULT '',
  `smtp_remail` varchar(250) NOT NULL DEFAULT '',
  `smtp_send` enum('smtp','mail') NOT NULL DEFAULT 'smtp',
  `smtp_certs` enum('yes','no') NOT NULL DEFAULT 'no',
  `approve` enum('yes','no') NOT NULL DEFAULT 'no',
  `company` text default null,
  PRIMARY KEY (`id`)
) ENGINE=MyISAM DEFAULT CHARSET=utf8;

-- Dumping structure for table mm_shipping
DROP TABLE IF EXISTS `mm_shipping`;
CREATE TABLE IF NOT EXISTS `mm_shipping` (
  `id` int(10) unsigned NOT NULL AUTO_INCREMENT,
  `name` varchar(250) NOT NULL DEFAULT '',
  `cost` varchar(250) NOT NULL DEFAULT '',
  PRIMARY KEY (`id`)
) ENGINE=MyISAM DEFAULT CHARSET=utf8;

-- Dumping structure for table mm_social
DROP TABLE IF EXISTS `mm_social`;
CREATE TABLE IF NOT EXISTS `mm_social` (
  `id` int(5) NOT NULL AUTO_INCREMENT,
  `desc` varchar(50) NOT NULL DEFAULT '',
  `param` text default null,
  `value` text default null,
  PRIMARY KEY (`id`),
  KEY `descK` (`desc`)
) ENGINE=MyISAM DEFAULT CHARSET=utf8;

-- Data
INSERT INTO `mm_boxes` (`title`, `info`, `ordr`, `en`, `tmp`, `icon`) VALUES
('Popular Music', '', 2, 'yes', 'box_popular_music.tpl.php', 'fa fas fa-heart'),
('Recently Viewed', NULL, 1, 'yes', 'box_recently_viewed_music.tpl.php', 'fa fas fa-binoculars');

INSERT INTO `mm_countries` (`name`, `iso`, `iso2`, `iso4217`, `tax`, `tax2`, `display`, `eu`, `geoname_id`) VALUES
('Afghanistan', 'AFG', 'AF', '004', '', '', 'yes', 'no', 1149361),
('Albania', 'ALB', 'AL', '008', '', '', 'yes', 'no', 783754),
('Algeria', 'DZA', 'DZ', '012', '', '', 'yes', 'no', 2589581),
('Andorra', 'AND', 'AD', '20', '', '', 'yes', 'no', 3041565),
('Angola', 'AGO', 'AO', '024', '', '', 'yes', 'no', 3351879),
('Antigua and Barbuda', 'ATG', 'AG', '028', '', '', 'yes', 'no', 3576396),
('Argentina', 'ARG', 'AR', '032', '', '', 'yes', 'no', 3865483),
('Armenia', 'ARM', 'AM', '051', '', '', 'yes', 'no', 174982),
('Australia', 'AUS', 'AU', '036', '', '', 'yes', 'no', 2077456),
('Austria', 'AUT', 'AT', '040', '', '20', 'yes', 'yes', 2782113),
('Azerbaijan', 'AZE', 'AZ', '031', '', '', 'yes', 'no', 587116),
('Bahamas', 'BHS', 'BS', '044', '', '', 'yes', 'no', 3572887),
('Bahrain', 'BHR', 'BH', '048', '', '', 'yes', 'no', 290291),
('Bangladesh', 'BGD', 'BD', '050', '', '', 'yes', 'no', 1210997),
('Barbados', 'BRB', 'BB', '052', '', '', 'yes', 'no', 3374084),
('Belarus', 'BLR', 'BY', '112', '', '', 'yes', 'no', 630336),
('Belgium', 'BEL', 'BE', '056', '', '21', 'yes', 'yes', 2802361),
('Belize', 'BLZ', 'BZ', '084', '', '', 'yes', 'no', 3582678),
('Benin', 'BEN', 'BJ', '204', '', '', 'yes', 'no', 2395170),
('Bhutan', 'BTN', 'BT', '064', '', '', 'yes', 'no', 1252634),
('Bolivia', 'BOL', 'BO', '068', '', '', 'yes', 'no', 3923057),
('Bosnia and Herzegovina', 'BIH', 'BA', '070', '', '', 'yes', 'no', 3277605),
('Botswana', 'BWA', 'BW', '072', '', '', 'yes', 'no', 933860),
('Brazil', 'BRA', 'BR', '076', '', '', 'yes', 'no', 3469034),
('Brunei', 'BRN', 'BN', '096', '', '', 'yes', 'no', 1820814),
('Bulgaria', 'BGR', 'BG', '100', '', '20', 'yes', 'yes', 732800),
('Burkina Faso', 'BFA', 'BF', '854', '', '', 'yes', 'no', 2361809),
('Burundi', 'BDI', 'BI', '108', '', '', 'yes', 'no', 433561),
('Cambodia', 'KHM', 'KH', '116', '', '', 'yes', 'no', 1831722),
('Cameroon', 'CMR', 'CM', '120', '', '', 'yes', 'no', 2233387),
('Canada', 'CAN', 'CA', '124', '', '', 'yes', 'no', 6251999),
('Cape Verde', 'CPV', 'CV', '132', '', '', 'yes', 'no', 3374766),
('Central African Republic', 'CAF', 'CF', '140', '', '', 'yes', 'no', 239880),
('Chad', 'TCD', 'TD', '148', '', '', 'yes', 'no', 2434508),
('Chile', 'CHL', 'CL', '152', '', '', 'yes', 'no', 3895114),
('China', 'CHN', 'CN', '156', '', '', 'yes', 'no', 1814991),
('Colombia', 'COL', 'CO', '170', '', '', 'yes', 'no', 3686110),
('Comoros', 'COM', 'KM', '174', '', '', 'yes', 'no', 921929),
('Congo', 'COG', 'CG', '178', '', '', 'yes', 'no', 2260494),
('Costa Rica', 'CRI', 'CK', '184', '', '', 'yes', 'no', 1899402),
('Cote d\'Ivoire', 'CIV', 'CI', '188', '', '', 'yes', 'no', 2287781),
('Croatia', 'HRV', 'HR', '191', '', '25', 'yes', 'yes', 3202326),
('Cuba', 'CUB', 'CU', '192', '', '', 'yes', 'no', 3562981),
('Cyprus', 'CYP', 'CY', '196', '', '', 'yes', 'no', 146669),
('Czech Republic', 'CZE', 'CZ', '203', '', '19', 'yes', 'yes', 3077311),
('Denmark', 'DNK', 'DK', '208', '', '25', 'yes', 'yes', 2623032),
('Djibouti', 'DJI', 'DJ', '262', '', '', 'yes', 'no', 223816),
('Dominica', 'DMA', 'DM', '212', '', '', 'yes', 'no', 3575830),
('Dominican Republic', 'DOM', 'DO', '214', '', '', 'yes', 'no', 3508796),
('Ecuador', 'ECU', 'EC', '218', '', '', 'yes', 'no', 3658394),
('Egypt', 'EGY', 'EG', '818', '', '', 'yes', 'no', 357994),
('El Salvador', 'SLV', 'SV', '222', '', '', 'yes', 'no', 3585968),
('Equatorial Guinea', 'GNQ', 'GQ', '226', '', '', 'yes', 'no', 2309096),
('Eritrea', 'ERI', 'ER', '232', '', '', 'yes', 'no', 338010),
('Estonia', 'EST', 'EE', '233', '', '20', 'yes', 'yes', 453733),
('Ethiopia', 'ETH', 'ET', '231', '', '', 'yes', 'no', 337996),
('Fiji', 'FJI', 'FJ', '242', '', '', 'yes', 'no', 2205218),
('Finland', 'FIN', 'FI', '246', '', '24', 'yes', 'yes', 660013),
('France', 'FRA', 'FR', '250', '', '20', 'yes', 'yes', 3017382),
('Gabon', 'GAB', 'GA', '266', '', '', 'yes', 'no', 2400553),
('Gambia', 'GMB', 'GM', '270', '', '', 'yes', 'no', 2413451),
('Georgia', 'GEO', 'GE', '268', '', '', 'yes', 'no', 614540),
('Germany', 'DEU', 'DE', '276', '', '19', 'yes', 'yes', 2921044),
('Ghana', 'GHA', 'GH', '288', '', '', 'yes', 'no', 2300660),
('Greece', 'GRC', 'GR', '300', '', '', 'yes', 'no', 390903),
('Grenada', 'GRD', 'GD', '308', '', '', 'yes', 'no', 3580239),
('Guatemala', 'GTM', 'GT', '320', '', '', 'yes', 'no', 3595528),
('Guinea', 'GIN', 'GN', '324', '', '', 'yes', 'no', 2420477),
('Guinea-Bissau', 'GNB', 'GW', '624', '', '', 'yes', 'no', 2372248),
('Guyana', 'GUY', 'GY', '328', '', '', 'yes', 'no', 3378535),
('Haiti', 'HTI', 'HT', '332', '', '', 'yes', 'no', 3723988),
('Honduras', 'HND', 'HN', '340', '', '', 'yes', 'no', 3608932),
('Hungary', 'HUN', 'HU', '348', '', '27', 'yes', 'yes', 719819),
('Iceland', 'ISL', 'IS', '352', '', '', 'yes', 'no', 2629691),
('India', 'IND', 'IN', '356', '', '', 'yes', 'no', 1269750),
('Indonesia', 'IDN', 'ID', '360', '', '', 'yes', 'no', 1643084),
('Iran', 'IRN', 'IR', '364', '', '', 'yes', 'no', 130758),
('Iraq', 'IRQ', 'IQ', '368', '', '', 'yes', 'no', 99237),
('Ireland', 'IRL', 'IE', '372', '', '23', 'yes', 'yes', 2963597),
('Israel', 'ISR', 'IL', '376', '', '', 'yes', 'no', 294640),
('Italy', 'ITA', 'IT', '380', '', '22', 'yes', 'yes', 3175395),
('Jamaica', 'JAM', 'JM', '388', '', '', 'yes', 'no', 3489940),
('Japan', 'JPN', 'JP', '392', '', '', 'yes', 'no', 1861060),
('Jordan', 'JOR', 'JO', '400', '', '', 'yes', 'no', 248816),
('Kazakhstan', 'KAZ', 'KZ', '398', '', '', 'yes', 'no', 1522867),
('Kenya', 'KEN', 'KE', '404', '', '', 'yes', 'no', 192950),
('Kiribati', 'KIR', 'KI', '296', '', '', 'yes', 'no', 4030945),
('South Korea', 'KOR', 'KR', '410', '', '', 'yes', 'no', 1835841),
('North Korea', 'PRK', 'KP', '408', '', '', 'yes', 'no', 1873107),
('Kuwait', 'KWT', 'KW', '414', '', '', 'yes', 'no', 285570),
('Kyrgyzstan', 'KGZ', 'KG', '417', '', '', 'yes', 'no', 1527747),
('Laos', 'LAO', 'LA', '418', '', '', 'yes', 'no', 1655842),
('Latvia', 'LVA', 'LV', '428', '', '21', 'yes', 'yes', 458258),
('Lebanon', 'LBN', 'LB', '422', '', '', 'yes', 'no', 272103),
('Lesotho', 'LSO', 'LS', '426', '', '', 'yes', 'no', 932692),
('Liberia', 'LBR', 'LR', '430', '', '', 'yes', 'no', 2275384),
('Libya', 'LBY', 'LY', '434', '', '', 'yes', 'no', 2215636),
('Liechtenstein', 'LIE', 'LI', '438', '', '', 'yes', 'no', 3042058),
('Lithuania', 'LTU', 'LT', '440', '', '21', 'yes', 'yes', 597427),
('Luxembourg', 'LUX', 'LU', '442', '', '17', 'yes', 'yes', 2960313),
('Macedonia', 'MKD', 'MK', '807', '', '', 'yes', 'no', 718075),
('Madagascar', 'MDG', 'MG', '450', '', '', 'yes', 'no', 1062947),
('Malawi', 'MWI', 'MW', '454', '', '', 'yes', 'no', 927384),
('Malaysia', 'MYS', 'MY', '458', '', '', 'yes', 'no', 1733045),
('Maldives', 'MDV', 'MV', '462', '', '', 'yes', 'no', 1282028),
('Mali', 'MLI', 'ML', '466', '', '', 'yes', 'no', 2453866),
('Malta', 'MLT', 'MT', '470', '', '18', 'yes', 'yes', 2562770),
('Marshall Islands', 'MHL', 'MH', '584', '', '', 'yes', 'no', 2080185),
('Mauritania', 'MRT', 'MR', '478', '', '', 'yes', 'no', 2378080),
('Mauritius', 'MUS', 'MU', '480', '', '', 'yes', 'no', 934292),
('Mexico', 'MEX', 'MX', '484', '', '', 'yes', 'no', 3996063),
('Micronesia', 'FSM', 'FM', '583', '', '', 'yes', 'no', 2081918),
('Moldova', 'MDA', 'MD', '498', '', '', 'yes', 'no', 617790),
('Monaco', 'MCO', 'MC', '492', '', '', 'yes', 'no', 2993457),
('Mongolia', 'MNG', 'MN', '496', '', '', 'yes', 'no', 2029969),
('Montenegro', 'MNE', 'ME', '499', '', '', 'yes', 'no', 3194884),
('Morocco', 'MAR', 'MA', '504', '', '', 'yes', 'no', 2542007),
('Mozambique', 'MOZ', 'MZ', '508', '', '', 'yes', 'no', 1036973),
('Myanmar (Burma)', 'MMR', 'MM', '104', '', '', 'yes', 'no', 1327865),
('Namibia', 'NAM', 'NA', '516', '', '', 'yes', 'no', 3355338),
('Nauru', 'NRU', 'NR', '520', '', '', 'yes', 'no', 2110425),
('Nepal', 'NPL', 'NP', '524', '', '', 'yes', 'no', 1282988),
('Netherlands', 'NLD', 'NL', '528', '', '21', 'yes', 'yes', 2750405),
('New Zealand', 'NZL', 'NZ', '554', '', '', 'yes', 'no', 2186224),
('Nicaragua', 'NIC', 'NI', '558', '', '', 'yes', 'no', 3617476),
('Niger', 'NER', 'NE', '562', '', '', 'yes', 'no', 2440476),
('Nigeria', 'NGA', 'NG', '566', '', '', 'yes', 'no', 2328926),
('Norway', 'NOR', 'NO', '578', '', '', 'yes', 'no', 3144096),
('Oman', 'OMN', 'OM', '512', '', '', 'yes', 'no', 286963),
('Pakistan', 'PAK', 'PK', '586', '', '', 'yes', 'no', 1168579),
('Palau', 'PLW', 'PW', '585', '', '', 'yes', 'no', 1559582),
('Panama', 'PAN', 'PA', '591', '', '', 'yes', 'no', 3703430),
('Papua New Guinea', 'PNG', 'PG', '598', '', '', 'yes', 'no', 2088628),
('Paraguay', 'PRY', 'PY', '600', '', '', 'yes', 'no', 3437598),
('Peru', 'PER', 'PE', '604', '', '', 'yes', 'no', 3932488),
('Philippines', 'PHL', 'PH', '608', '', '', 'yes', 'no', 1694008),
('Poland', 'POL', 'PL', '616', '', '23', 'yes', 'yes', 798544),
('Portugal', 'PRT', 'PT', '620', '', '23', 'yes', 'yes', 2264397),
('Qatar', 'QAT', 'QA', '634', '', '', 'yes', 'no', 289688),
('Romania', 'ROU', 'RO', '642', '', '20', 'yes', 'yes', 798549),
('Russian Federation', 'RUS', 'RU', '643', '', '', 'yes', 'no', 2017370),
('Rwanda', 'RWA', 'RW', '646', '', '', 'yes', 'no', 49518),
('Saint Kitts and Nevis', 'KNA', 'KN', '659', '', '', 'yes', 'no', 3575174),
('Saint Lucia', 'LCA', 'LC', '662', '', '', 'yes', 'no', 3576468),
('Saint Vincent and the Grenadines', 'VCT', 'VC', '670', '', '', 'yes', 'no', 3577815),
('Samoa', 'WSM', 'WS', '882', '', '', 'yes', 'no', 4034894),
('San Marino', 'SMR', 'SM', '674', '', '', 'yes', 'no', 3168068),
('Sao Tome and Principe', 'STP', 'ST', '678', '', '', 'yes', 'no', 2410758),
('Saudi Arabia', 'SAU', 'SA', '682', '', '', 'yes', 'no', 102358),
('Senegal', 'SEN', 'SN', '686', '', '', 'yes', 'no', 2245662),
('Serbia', 'SRB', 'RS', '688', '', '', 'yes', 'no', 6290252),
('Seychelles', 'SYC', 'SC', '690', '', '', 'yes', 'no', 241170),
('Sierra Leone', 'SLE', 'SL', '694', '', '', 'yes', 'no', 2403846),
('Singapore', 'SGP', 'SG', '702', '', '', 'yes', 'no', 1880251),
('Slovakia', 'SVK', 'SK', '703', '', '20', 'yes', 'yes', 3057568),
('Slovenia', 'SVN', 'SI', '705', '', '22', 'yes', 'yes', 3190538),
('Somalia', 'SOM', 'SO', '706', '', '', 'yes', 'no', 51537),
('South Africa', 'ZAF', 'ZA', '710', '', '', 'yes', 'no', 953987),
('Spain', 'ESP', 'ES', '724', '', '21', 'yes', 'yes', 2510769),
('Sri Lanka', 'LKA', 'LK', '144', '', '', 'yes', 'no', 1227603),
('Sudan', 'SDN', 'SD', '736', '', '', 'yes', 'no', 366755),
('Suriname', 'SUR', 'SR', '740', '', '', 'yes', 'no', 3382998),
('Swaziland', 'SWZ', 'SZ', '748', '', '', 'yes', 'no', 934841),
('Sweden', 'SWE', 'SE', '752', '', '25', 'yes', 'yes', 2661886),
('Switzerland', 'CHE', 'CH', '756', '', '', 'yes', 'no', 2658434),
('Syrian Arab Republic', 'SYR', 'SY', '760', '', '', 'yes', 'no', 163843),
('Tajikistan', 'TJK', 'TJ', '762', '', '', 'yes', 'no', 1220409),
('Tanzania', 'TZA', 'TZ', '834', '', '', 'yes', 'no', 149590),
('Thailand', 'THA', 'TH', '764', '', '', 'yes', 'no', 1605651),
('Timor-Leste (East Timor)', 'TLS', 'TL', '626', '', '', 'yes', 'no', 1966436),
('Togo', 'TGO', 'TG', '768', '', '', 'yes', 'no', 2363686),
('Tonga', 'TON', 'TO', '776', '', '', 'yes', 'no', 4032283),
('Trinidad and Tobago', 'TTO', 'TT', '780', '', '', 'yes', 'no', 3573591),
('Tunisia', 'TUN', 'TN', '788', '', '', 'yes', 'no', 2464461),
('Turkey', 'TUR', 'TR', '792', '', '', 'yes', 'no', 298795),
('Turkmenistan', 'TKM', 'TM', '795', '', '', 'yes', 'no', 1218197),
('Tuvalu', 'TUV', 'TV', '798', '', '', 'yes', 'no', 2110297),
('Uganda', 'UGA', 'UG', '800', '', '', 'yes', 'no', 226074),
('Ukraine', 'UKR', 'UA', '804', '', '', 'yes', 'no', 690791),
('United Arab Emirates', 'ARE', 'AE', '784', '', '', 'yes', 'no', 290557),
('United Kingdom', 'GBR', 'GB', '826', '', '', 'yes', 'yes', 2635167),
('United States', 'USA', 'US', '840', '', '', 'yes', 'no', 6252001),
('Uruguay', 'URY', 'UY', '858', '', '', 'yes', 'no', 3439705),
('Uzbekistan', 'UZB', 'UZ', '860', '', '', 'yes', 'no', 1512440),
('Vanuatu', 'VUT', 'VU', '548', '', '', 'yes', 'no', 2134431),
('Vatican City', 'VAT', 'VA', '336', '', '', 'yes', 'no', 3164670),
('Venezuela', 'VEN', 'VE', '862', '', '', 'yes', 'no', 3625428),
('Vietnam', 'VNM', 'VN', '704', '', '', 'yes', 'no', 1562822),
('Yemen', 'YEM', 'YE', '887', '', '', 'yes', 'no', 69543),
('Zambia', 'ZMB', 'ZM', '894', '', '', 'yes', 'no', 895949),
('Zimbabwe', 'ZWE', 'ZW', '716', '', '', 'yes', 'no', 878675),
('Christmas Island', 'CXR', 'CX', '162', '', '', 'yes', 'no', 2078138),
('Cocos (Keeling) Islands', 'CCK', 'CC', '166', '', '', 'yes', 'no', 1547376),
('Heard Island and McDonald Islands', 'HMD', 'HM', '334', '', '', 'yes', 'no', 1547314),
('Norfolk Island', 'NFK', 'NF', '574', '', '', 'yes', 'no', 2155115),
('New Caledonia', 'NCL', 'NC', '540', '', '', 'yes', 'no', 2139685),
('French Polynesia', 'PYF', 'PF', '258', '', '', 'yes', 'no', 4030656),
('Mayotte', 'MYT', 'YT', '175', '', '', 'yes', 'no', 1024031),
('Saint Barthelemy', 'GLP', 'BL', '652', '', '', 'yes', 'no', 3578476),
('Saint Martin', 'GLP', 'MF', '663', '', '', 'yes', 'no', 3578421),
('Saint Pierre and Miquelon', 'SPM', 'PM', '666', '', '', 'yes', 'no', 3424932),
('Wallis and Futuna', 'WLF', 'WF', '876', '', '', 'yes', 'no', 4034749),
('French Southern and Antarctic Lands', 'ATF', 'TF', '260', '', '', 'yes', 'no', 1546748),
('Bouvet Island', 'BVT', 'BV', '074', '', '', 'yes', 'no', 0),
('Cook Islands', 'COK', 'CD', '180', '', '', 'yes', 'no', 203312),
('Niue', 'NIU', 'NU', '570', '', '', 'yes', 'no', 4036232),
('Tokelau', 'TKL', 'TK', '772', '', '', 'yes', 'no', 4031074),
('Guernsey', 'GGY', 'GG', '831', '', '', 'yes', 'no', 3042362),
('Isle of Man', 'IMN', 'IM', '833', '', '', 'yes', 'no', 3042225),
('Jersey', 'JEY', 'JE', '832', '', '', 'yes', 'no', 3042142),
('Anguilla', 'AIA', 'AI', '660', '', '', 'yes', 'no', 3573511),
('Bermuda', 'BMU', 'BM', '060', '', '', 'yes', 'no', 3573345),
('British Indian Ocean Territory', 'IOT', 'IO', '086', '', '', 'yes', 'no', 1282588),
('British Virgin Islands', 'VGB', 'VG', '092', '', '', 'yes', 'no', 3577718),
('Cayman Islands', 'CYM', 'KY', '136', '', '', 'yes', 'no', 3580718),
('Falkland Islands (Islas Malvinas)', 'FLK', 'FK', '238', '', '', 'yes', 'no', 3474414),
('Gibraltar', 'GIB', 'GI', '292', '', '', 'yes', 'no', 2411586),
('Montserrat', 'MSR', 'MS', '500', '', '', 'yes', 'no', 3578097),
('Pitcairn Islands', 'PCN', 'PN', '612', '', '', 'yes', 'no', 4030699),
('Saint Helena', 'SHN', 'SH', '654', '', '', 'yes', 'no', 3370751),
('South Georgia & South Sandwich Islands', 'SGS', 'GS', '239', '', '', 'yes', 'no', 3474415),
('Turks and Caicos Islands', 'TCA', 'TC', '796', '', '', 'yes', 'no', 3576916),
('Northern Mariana Islands', 'MNP', 'MP', '580', '', '', 'yes', 'no', 4041468),
('Puerto Rico', 'PRI', 'PR', '630', '', '', 'yes', 'no', 4566966),
('American Samoa', 'ASM', 'AS', '016', '', '', 'yes', 'no', 5880801),
('Guam', 'GUM', 'GU', '316', '', '', 'yes', 'no', 4043988),
('US Virgin Islands', 'VIR', 'VI', '850', '', '', 'yes', 'no', 4796775),
('Hong Kong', 'HKG', 'HK', '344', '', '5', 'yes', 'no', 1819730),
('Macau', 'MAC', 'MO', '446', '', '', 'yes', 'no', 1821275),
('Faroe Islands', 'FRO', 'FO', '234', '', '', 'yes', 'no', 2622320),
('Greenland', 'GRL', 'GL', '304', '', '', 'yes', 'no', 3425505),
('French Guiana', 'GUF', 'GF', '254', '', '', 'yes', 'no', 3381670),
('Guadeloupe', 'GLP', 'GP', '312', '', '', 'yes', 'no', 3579143),
('Martinique', 'MTQ', 'MQ', '474', '', '', 'yes', 'no', 3570311),
('Reunion', 'REU', 'RE', '638', '', '', 'yes', 'no', 935317),
('Aruba', 'ABW', 'AW', '533', '', '', 'yes', 'no', 3577279),
('Netherlands Antilles', 'ANT', 'AN', '530', '', '', 'yes', 'no', 0),
('Svalbard and Jan Mayen', 'SJM', 'SJ', '744', '', '', 'yes', 'no', 607072),
('Australian Antarctic Territory', 'ATA', 'AQ', '010', '', '', 'yes', 'no', 6697173);

INSERT INTO `mm_gateways` (`id`, `display`, `liveserver`, `sandboxserver`, `image`, `webpage`, `status`, `class`, `default`, `docs`) VALUES
(1, 'Paypal', 'https://www.paypal.com/cgi-bin/webscr', 'https://www.sandbox.paypal.com/cgi-bin/webscr', 'paypal.png', 'https://www.paypal.com', 'yes', 'class.paypal.php', 'yes', 'gw-paypal.html'),
(2, '2Checkout', 'https://www.2checkout.com/checkout/purchase', 'https://www.2checkout.com/checkout/purchase', '2checkout.png', 'https://www.2checkout.com', 'yes', 'class.2checkout.php', 'no', 'gw-2checkout.html'),
(3, 'Skrill', 'https://www.moneybookers.com/app/payment.pl', 'https://www.moneybookers.com/app/payment.pl', 'skrill.png', 'https://www.skrill.com', 'yes', 'class.skrill.php', 'no', 'gw-skrill.html'),
(6, 'Sage Pay', 'https://live.sagepay.com/gateway/service/vspform-register.vsp', 'https://test.sagepay.com/Simulator/VSPFormGateway.asp', 'sagepay.png', 'http://www.sagepay.com', 'yes', 'class.sagepay.php', 'no', 'gw-sagepay.html'),
(7, 'WorldPay', 'https://secure.worldpay.com/wcc/purchase', 'https://secure-test.worldpay.com/wcc/purchase', 'worldpay.png', 'http://www.worldpay.com', 'yes', 'class.worldpay.php', 'no', 'gw-worldpay.html'),
(8, 'Cardstream', 'https://gateway.cardstream.com/hosted/', 'https://gateway.cardstream.com/hosted/', 'cardstream.png', 'http://www.cardstream.com', 'yes', 'class.cardstream.php', 'no', 'gw-cardstream.html'),
(9, 'Stripe', '', '', 'stripe.png', 'https://stripe.com/gb', 'yes', 'class.stripe.php', 'no', 'gw-stripe.html'),
(10, 'Authorize.net', 'https://secure.authorize.net/gateway/transact.dll', 'https://test.authorize.net/gateway/transact.dll', 'authnet.png', 'http://www.authorize.net', 'yes', 'class.authnet.php', 'no', 'gw-authnet.html'),
(12, 'IcePay', 'https://pay.icepay.eu/Checkout.aspx', 'https://pay.icepay.eu/Checkout.aspx', 'icepay.png', 'http://www.icepay.com', 'yes', 'class.icepay.php', 'no', 'gw-icepay.html'),
(13, 'CCNow', 'https://www.ccnow.com/cgi-local/transact.cgi', 'https://www.ccnow.com/cgi-local/transact.cgi', 'ccnow.png', 'http://www.ccnow.com', 'yes', 'class.ccnow.php', 'no', 'gw-ccnow.html'),
(14, 'Paytrail', 'https://payment.paytrail.com', 'https://payment.paytrail.com', 'paytrail.png', 'https://www.paytrail.com/en/', 'yes', 'class.paytrail.php', 'no', 'gw-paytrail.html'),
(15, 'Pay Vector', 'http://mms.payvector.net/Pages/PublicPages/PaymentForm.aspx', 'http://mms.payvector.net/Pages/PublicPages/PaymentForm.aspx', 'payvector.png', 'http://www.payvector.co.uk', 'yes', 'class.payvector.php', 'no', 'gw-payvector.html'),
(16, 'JamboPay (Kenya)', 'https://www.jambopay.com/JPCheckout.aspx', 'https://www.jambopay.com/JPCheckout.aspx', 'jambo.png', 'https://www.jambopay.com', 'yes', 'class.jambo.php', 'no', 'gw-jambo.html'),
(17, 'Secure Trading', 'https://payments.securetrading.net/process/payments/details', 'https://payments.securetrading.net/process/payments/details', 'sectrading.png', 'http://www.securetrading.com', 'yes', 'class.sectrading.php', 'no', 'gw-sectrading.html'),
(18, 'JamboPay (Tanzania)', 'https://www.jambopay.com/JPExpressTz.aspx', 'https://www.jambopay.com/JPExpressTz.aspx', 'jambo.png', 'https://www.jambopay.com', 'yes', 'class.jambo2.php', 'no', 'gw-jambo2.html'),
(19, 'TheTeller', 'https://prod.theteller.net', 'https://test.theteller.net', 'theteller.png', 'https://theteller.net', 'yes', 'class.teller.php', 'no', 'gw-teller.html');

INSERT INTO `mm_gateways_params` (`gateway`, `param`, `value`) VALUES
(1, 'locale', ''),
(1, 'pagestyle', ''),
(1, 'email', ''),
(2, 'account', ''),
(2, 'secret', ''),
(2, 'language', 'EN'),
(3, 'logo', ''),
(3, 'secret', ''),
(3, 'email', ''),
(3, 'language', 'EN'),
(6, 'vendor', ''),
(6, 'encryption', 'aes'),
(6, 'xor-password', ''),
(7, 'install-id', ''),
(7, 'callback-pw', ''),
(8, 'merchant-id', ''),
(9, 'secret-key', ''),
(9, 'perishable-key', ''),
(9, 'image', 'stripe.png'),
(9, 'locale', 'auto'),
(10, 'login-id', ''),
(10, 'transaction-key', ''),
(10, 'response-key', ''),
(12, 'merchant-id', ''),
(12, 'encryption-code', ''),
(12, 'language', 'EN'),
(13, 'secret-key', ''),
(13, 'language', 'en'),
(13, 'login-id', ''),
(13, 'activation-key', ''),
(14, 'merchant-id', ''),
(14, 'auth-hash', ''),
(15, 'merchant-id', ''),
(15, 'pre-share-key', ''),
(15, 'password', ''),
(16, 'business-address', ''),
(16, 'shared-key', ''),
(17, 'business-address', ''),
(17, 'shared-key', ''),
(18, 'site-reference', ''),
(18, 'notify-password', ''),
(18, 'merchant-password', ''),
(19, 'api_key', ''),
(19, 'api_user', ''),
(19, 'merchant_id', '');

INSERT INTO `mm_music_styles` (`name`, `slug`, `enabled`, `type`, `orderby`, `collection`, `title`, `metakeys`, `metadesc`) VALUES
('Alternative', '', 'yes', 0, '1', 0, NULL, NULL, NULL),
('Goth Rock', '', 'yes', 1, '2', 0, NULL, NULL, NULL),
('Grunge', '', 'yes', 1, '3', 0, NULL, NULL, NULL),
('Indie Rock', '', 'yes', 1, '4', 0, NULL, NULL, NULL),
('New Wave', '', 'yes', 1, '5', 0, NULL, NULL, NULL),
('Punk', '', 'yes', 1, '6', 0, NULL, NULL, NULL),
('Blues', '', 'yes', 0, '7', 0, NULL, NULL, NULL),
('Chicago Blues', '', 'yes', 7, '8', 0, NULL, NULL, NULL),
('Classic Blues', '', 'yes', 7, '9', 0, NULL, NULL, NULL),
('Contemporary Blues', '', 'yes', 7, '10', 0, NULL, NULL, NULL),
('Country Blues', '', 'yes', 7, '11', 0, NULL, NULL, NULL),
('Delta Blues', '', 'yes', 7, '12', 0, NULL, NULL, NULL),
('Electric Blues', '', 'yes', 7, '13', 0, NULL, NULL, NULL),
('Childrens Music', '', 'yes', 0, '14', 0, NULL, NULL, NULL),
('Sing-Along', '', 'yes', 14, '15', 0, NULL, NULL, NULL),
('Stories', '', 'yes', 14, '16', 0, NULL, NULL, NULL),
('Classical', '', 'yes', 0, '17', 0, NULL, NULL, NULL),
('Baroque', '', 'yes', 17, '18', 0, NULL, NULL, NULL),
('Chamber Music', '', 'yes', 17, '19', 0, NULL, NULL, NULL),
('Chant', '', 'yes', 17, '20', 0, NULL, NULL, NULL),
('Choral', '', 'yes', 17, '21', 0, NULL, NULL, NULL),
('Classical Crossover', '', 'yes', 17, '22', 0, NULL, NULL, NULL),
('Early Music', '', 'yes', 17, '23', 0, NULL, NULL, NULL),
('High Classical', '', 'yes', 17, '24', 0, NULL, NULL, NULL),
('Impressionist', '', 'yes', 17, '25', 0, NULL, NULL, NULL),
('Medieval', '', 'yes', 17, '26', 0, NULL, NULL, NULL),
('Minimalism', '', 'yes', 17, '27', 0, NULL, NULL, NULL),
('Modern Composition', '', 'yes', 17, '28', 0, NULL, NULL, NULL),
('Opera', '', 'yes', 17, '29', 0, NULL, NULL, NULL),
('Orchestral', '', 'yes', 17, '30', 0, NULL, NULL, NULL),
('Renaissance', '', 'yes', 17, '31', 0, NULL, NULL, NULL),
('Romantic', '', 'yes', 17, '32', 0, NULL, NULL, NULL),
('Wedding Music', '', 'yes', 17, '33', 0, NULL, NULL, NULL),
('Comedy', '', 'yes', 0, '34', 0, NULL, NULL, NULL),
('Standup Comedy', '', 'yes', 34, '35', 0, NULL, NULL, NULL),
('Country', '', 'yes', 0, '36', 0, NULL, NULL, NULL),
('Americana', '', 'yes', 36, '37', 0, NULL, NULL, NULL),
('Bluegrass', '', 'yes', 36, '38', 0, NULL, NULL, NULL),
('Contemporary Bluegrass', '', 'yes', 36, '39', 0, NULL, NULL, NULL),
('Contemporary Country', '', 'yes', 36, '40', 0, NULL, NULL, NULL),
('Country Gospel', '', 'yes', 36, '41', 0, NULL, NULL, NULL),
('Honky Tonk', '', 'yes', 36, '42', 0, NULL, NULL, NULL),
('Outlaw Country', '', 'yes', 36, '43', 0, NULL, NULL, NULL),
('Traditional Bluegrass', '', 'yes', 36, '44', 0, NULL, NULL, NULL),
('Traditional Country', '', 'yes', 36, '45', 0, NULL, NULL, NULL),
('Urban Cowboy', '', 'yes', 36, '46', 0, NULL, NULL, NULL),
('Dance', '', 'yes', 0, '47', 0, NULL, NULL, NULL),
('Exercise', '', 'yes', 47, '48', 0, NULL, NULL, NULL),
('Garage', '', 'yes', 47, '49', 0, NULL, NULL, NULL),
('Hardcore', '', 'yes', 47, '50', 0, NULL, NULL, NULL),
('House', '', 'yes', 47, '51', 0, NULL, NULL, NULL),
('Jungle/Drum\'n\'bass', '', 'yes', 47, '52', 0, NULL, NULL, NULL),
('Techno', '', 'yes', 47, '53', 0, NULL, NULL, NULL),
('Trance', '', 'yes', 47, '54', 0, NULL, NULL, NULL),
('Easy Listening', '', 'yes', 0, '55', 0, NULL, NULL, NULL),
('Lounge', '', 'yes', 55, '56', 0, NULL, NULL, NULL),
('Swing', '', 'yes', 55, '57', 0, NULL, NULL, NULL),
('Electronic', '', 'yes', 0, '58', 0, NULL, NULL, NULL),
('Downtempo', '', 'yes', 58, '59', 0, NULL, NULL, NULL),
('Electronica', '', 'yes', 58, '60', 0, NULL, NULL, NULL),
('IDM/Experimental', '', 'yes', 58, '61', 0, NULL, NULL, NULL),
('Industrial', '', 'yes', 58, '62', 0, NULL, NULL, NULL),
('Hip-Hop/Rap', '', 'yes', 0, '63', 0, NULL, NULL, NULL),
('op/Rap - Dirty South', '', 'yes', 63, '64', 0, NULL, NULL, NULL),
('op/Rap - East Coast Rap', '', 'yes', 63, '65', 0, NULL, NULL, NULL),
('op/Rap - Gangsta Rap', '', 'yes', 63, '66', 0, NULL, NULL, NULL),
('op/Rap - Hardcore Rap', '', 'yes', 63, '67', 0, NULL, NULL, NULL),
('op/Rap - Hip-Hop', '', 'yes', 63, '68', 0, NULL, NULL, NULL),
('op/Rap - Latin Rap', '', 'yes', 63, '69', 0, NULL, NULL, NULL),
('op/Rap - Old School Rap', '', 'yes', 63, '70', 0, NULL, NULL, NULL),
('op/Rap - Rap', '', 'yes', 63, '71', 0, NULL, NULL, NULL),
('op/Rap - Underground Rap', '', 'yes', 63, '72', 0, NULL, NULL, NULL),
('op/Rap - West Coast Rap', '', 'yes', 63, '73', 0, NULL, NULL, NULL),
('Holiday', '', 'yes', 0, '74', 0, NULL, NULL, NULL),
('Christmas', '', 'yes', 74, '75', 0, NULL, NULL, NULL),
('Christmas: Childrens', '', 'yes', 74, '76', 0, NULL, NULL, NULL),
('Christmas: Classic', '', 'yes', 74, '77', 0, NULL, NULL, NULL),
('Christmas: Classical', '', 'yes', 74, '78', 0, NULL, NULL, NULL),
('Christmas: Jazz', '', 'yes', 74, '79', 0, NULL, NULL, NULL),
('Christmas: Modern', '', 'yes', 74, '80', 0, NULL, NULL, NULL),
('Christmas: Pop', '', 'yes', 74, '81', 0, NULL, NULL, NULL),
('Christmas: R&B', '', 'yes', 74, '82', 0, NULL, NULL, NULL),
('Christmas: Religious', '', 'yes', 74, '83', 0, NULL, NULL, NULL),
('Christmas: Rock', '', 'yes', 74, '84', 0, NULL, NULL, NULL),
('Easter', '', 'yes', 74, '85', 0, NULL, NULL, NULL),
('Halloween', '', 'yes', 74, '86', 0, NULL, NULL, NULL),
('Holiday: Other', '', 'yes', 74, '87', 0, NULL, NULL, NULL),
('Thanksgiving', '', 'yes', 74, '88', 0, NULL, NULL, NULL),
('Christian', '', 'yes', 0, '89', 0, NULL, NULL, NULL),
('CCM', '', 'yes', 89, '90', 0, NULL, NULL, NULL),
('Christian Metal', '', 'yes', 89, '91', 0, NULL, NULL, NULL),
('Christian Pop', '', 'yes', 89, '92', 0, NULL, NULL, NULL),
('Christian Rap', '', 'yes', 89, '93', 0, NULL, NULL, NULL),
('Christian Rock', '', 'yes', 89, '94', 0, NULL, NULL, NULL),
('Classic Christian', '', 'yes', 89, '95', 0, NULL, NULL, NULL),
('Contemporary Gospel', '', 'yes', 89, '96', 0, NULL, NULL, NULL),
('Gospel', '', 'yes', 89, '97', 0, NULL, NULL, NULL),
('Christian & Gospel', '', 'yes', 89, '98', 0, NULL, NULL, NULL),
('Praise & Worship', '', 'yes', 89, '99', 0, NULL, NULL, NULL),
('Southern Gospel', '', 'yes', 89, '100', 0, NULL, NULL, NULL),
('Traditional Gospel', '', 'yes', 89, '101', 0, NULL, NULL, NULL),
('Instrumental', '', 'yes', 0, '102', 0, NULL, NULL, NULL),
('Jazz', '', 'yes', 0, '103', 0, NULL, NULL, NULL),
('Big Band', '', 'yes', 103, '104', 0, NULL, NULL, NULL),
('Contemporary Jazz', '', 'yes', 103, '105', 0, NULL, NULL, NULL),
('Cool', '', 'yes', 103, '106', 0, NULL, NULL, NULL),
('Crossover Jazz', '', 'yes', 103, '107', 0, NULL, NULL, NULL),
('Dixieland', '', 'yes', 103, '108', 0, NULL, NULL, NULL),
('Fusion', '', 'yes', 103, '109', 0, NULL, NULL, NULL),
('Hard Bop', '', 'yes', 103, '110', 0, NULL, NULL, NULL),
('Latin Jazz', '', 'yes', 103, '111', 0, NULL, NULL, NULL),
('Mainstream Jazz', '', 'yes', 103, '112', 0, NULL, NULL, NULL),
('Ragtime', '', 'yes', 103, '113', 0, NULL, NULL, NULL),
('Smooth Jazz', '', 'yes', 103, '114', 0, NULL, NULL, NULL),
('Trad Jazz', '', 'yes', 103, '115', 0, NULL, NULL, NULL),
('New Age', '', 'yes', 0, '116', 0, NULL, NULL, NULL),
('Healing', '', 'yes', 116, '117', 0, NULL, NULL, NULL),
('Meditation', '', 'yes', 116, '118', 0, NULL, NULL, NULL),
('Nature', '', 'yes', 116, '119', 0, NULL, NULL, NULL),
('Relaxation', '', 'yes', 116, '120', 0, NULL, NULL, NULL),
('Travel', '', 'yes', 116, '121', 0, NULL, NULL, NULL),
('Opera', '', 'yes', 0, '122', 0, NULL, NULL, NULL),
('Pop', '', 'yes', 0, '123', 0, NULL, NULL, NULL),
('Britpop', '', 'yes', 123, '124', 0, NULL, NULL, NULL),
('Pop/Rock', '', 'yes', 123, '125', 0, NULL, NULL, NULL),
('Soft Rock', '', 'yes', 123, '126', 0, NULL, NULL, NULL),
('Teen Pop', '', 'yes', 123, '127', 0, NULL, NULL, NULL),
('R&B/Soul', '', 'yes', 0, '128', 0, NULL, NULL, NULL),
('Disco', '', 'yes', 128, '129', 0, NULL, NULL, NULL),
('Doo Wop', '', 'yes', 128, '130', 0, NULL, NULL, NULL),
('Funk', '', 'yes', 128, '131', 0, NULL, NULL, NULL),
('Motown', '', 'yes', 128, '132', 0, NULL, NULL, NULL),
('Neo-Soul', '', 'yes', 128, '133', 0, NULL, NULL, NULL),
('Quiet Storm', '', 'yes', 128, '134', 0, NULL, NULL, NULL),
('Soul', '', 'yes', 128, '135', 0, NULL, NULL, NULL),
('Reggae', '', 'yes', 0, '136', 0, NULL, NULL, NULL),
('Dub', '', 'yes', 136, '137', 0, NULL, NULL, NULL),
('Roots Reggae', '', 'yes', 136, '138', 0, NULL, NULL, NULL),
('Ska', '', 'yes', 136, '139', 0, NULL, NULL, NULL),
('Rock', '', 'yes', 0, '140', 0, NULL, NULL, NULL),
('American Trad Rock', '', 'yes', 140, '141', 0, NULL, NULL, NULL),
('Arena Rock', '', 'yes', 140, '142', 0, NULL, NULL, NULL),
('Blues-Rock', '', 'yes', 140, '143', 0, NULL, NULL, NULL),
('British Invasion', '', 'yes', 140, '144', 0, NULL, NULL, NULL),
('Death Metal/Black Metal', '', 'yes', 140, '145', 0, NULL, NULL, NULL),
('Glam Rock', '', 'yes', 140, '146', 0, NULL, NULL, NULL),
('Hair Metal', '', 'yes', 140, '147', 0, NULL, NULL, NULL),
('Hard Rock', '', 'yes', 140, '148', 0, NULL, NULL, NULL),
('Metal', '', 'yes', 140, '149', 0, NULL, NULL, NULL),
('Jam Bands', '', 'yes', 140, '150', 0, NULL, NULL, NULL),
('Prog-Rock/Art Rock', '', 'yes', 140, '151', 0, NULL, NULL, NULL),
('Psychedelic', '', 'yes', 140, '152', 0, NULL, NULL, NULL),
('Rock & Roll', '', 'yes', 140, '153', 0, NULL, NULL, NULL),
('Rockabilly', '', 'yes', 140, '154', 0, NULL, NULL, NULL),
('Roots Rock', '', 'yes', 140, '155', 0, NULL, NULL, NULL),
('Singer/Songwriter', '', 'yes', 140, '156', 0, NULL, NULL, NULL),
('Southern Rock', '', 'yes', 140, '157', 0, NULL, NULL, NULL),
('Surf', '', 'yes', 140, '158', 0, NULL, NULL, NULL),
('Tex-Mex', '', 'yes', 140, '159', 0, NULL, NULL, NULL),
('Singer/Songwriter', '', 'yes', 0, '160', 0, NULL, NULL, NULL),
('Contemporary Folk', '', 'yes', 160, '161', 0, NULL, NULL, NULL),
('Contemporary Singer/Songwriter', '', 'yes', 160, '162', 0, NULL, NULL, NULL),
('Folk-Rock', '', 'yes', 160, '163', 0, NULL, NULL, NULL),
('New Acoustic', '', 'yes', 160, '164', 0, NULL, NULL, NULL),
('Traditional Folk', '', 'yes', 160, '165', 0, NULL, NULL, NULL),
('Soundtrack', '', 'yes', 0, '166', 0, NULL, NULL, NULL),
('Musicals', '', 'yes', 166, '167', 0, NULL, NULL, NULL),
('Original Score', '', 'yes', 166, '168', 0, NULL, NULL, NULL),
('Soundtrack', '', 'yes', 166, '169', 0, NULL, NULL, NULL),
('TV Soundtrack', '', 'yes', 166, '170', 0, NULL, NULL, NULL),
('Spoken Word', '', 'yes', 0, '171', 0, NULL, NULL, NULL),
('Vocal', '', 'yes', 0, '172', 0, NULL, NULL, NULL),
('Traditional Pop', '', 'yes', 172, '173', 0, NULL, NULL, NULL),
('Vocal Jazz', '', 'yes', 172, '174', 0, NULL, NULL, NULL),
('Vocal Pop', '', 'yes', 172, '175', 0, NULL, NULL, NULL),
('World', '', 'yes', 0, '176', 0, NULL, NULL, NULL),
('Afro-Beat', '', 'yes', 176, '177', 0, NULL, NULL, NULL),
('Afro-Pop', '', 'yes', 176, '178', 0, NULL, NULL, NULL),
('Asia', '', 'yes', 176, '179', 0, NULL, NULL, NULL),
('Australia', '', 'yes', 176, '180', 0, NULL, NULL, NULL),
('Cajun', '', 'yes', 176, '181', 0, NULL, NULL, NULL),
('Caribbean', '', 'yes', 176, '182', 0, NULL, NULL, NULL),
('Celtic', '', 'yes', 176, '183', 0, NULL, NULL, NULL),
('Celtic Folk', '', 'yes', 176, '184', 0, NULL, NULL, NULL),
('Chinese Pop', '', 'yes', 176, '185', 0, NULL, NULL, NULL),
('Contemporary Celtic', '', 'yes', 176, '186', 0, NULL, NULL, NULL),
('Drinking Songs', '', 'yes', 176, '187', 0, NULL, NULL, NULL),
('Europe', '', 'yes', 176, '188', 0, NULL, NULL, NULL),
('France', '', 'yes', 176, '189', 0, NULL, NULL, NULL),
('Hawaii', '', 'yes', 176, '190', 0, NULL, NULL, NULL),
('Indian Pop', '', 'yes', 176, '191', 0, NULL, NULL, NULL),
('Japan', '', 'yes', 176, '192', 0, NULL, NULL, NULL),
('Japanese Pop', '', 'yes', 176, '193', 0, NULL, NULL, NULL),
('Klezmer', '', 'yes', 176, '194', 0, NULL, NULL, NULL),
('Korean Pop', '', 'yes', 176, '195', 0, NULL, NULL, NULL),
('Middle East', '', 'yes', 176, '196', 0, NULL, NULL, NULL),
('North America', '', 'yes', 176, '197', 0, NULL, NULL, NULL),
('Polka', '', 'yes', 176, '198', 0, NULL, NULL, NULL),
('South Africa', '', 'yes', 176, '199', 0, NULL, NULL, NULL),
('South America', '', 'yes', 176, '200', 0, NULL, NULL, NULL),
('Traditional Celtic', '', 'yes', 176, '201', 0, NULL, NULL, NULL),
('Worldbeat', '', 'yes', 176, '202', 0, NULL, NULL, NULL),
('Zydeco', '', 'yes', 176, '203', 0, NULL, NULL, NULL);

INSERT INTO `mm_pages` (`name`, `info`, `keys`, `desc`, `title`, `orderby`, `template`, `landing`, `slug`, `enabled`) VALUES
('About', 'About page.<br><br>Manage or remove in your control panel..', NULL, NULL, NULL, 3, '', 'no', 'about-page', 'yes'),
('License', 'License page.<br><br>Manage or remove in your control panel..', '', '', '', 4, '', 'no', '', 'yes'),
('Shipping & Returns', 'Shipping and returns page.<br><br>Manage or remove in your control panel..', NULL, NULL, NULL, 5, '', 'no', 'returns-page', 'yes');

INSERT INTO `mm_settings` (`website`, `email`, `httppath`, `secfolder`, `dateformat`, `timeformat`, `jsformat`, `timezone`, `weekstart`, `zip`,
`rewrite`, `paymode`, `responselog`, `propend`, `version`, `prodkey`, `smtp_host`, `smtp_user`, `smtp_pass`, `smtp_port`, `smtp_from`, `smtp_email`,
`smtp_security`, `smtp_other`, `sysstatus`, `autoenable`, `reason`, `allowip`, `currency`, `invoice`, `curdisplay`, `access`, `afoot`, `pfoot`, `theme`,
`featured`, `metakeys`, `metadesc`, `minpass`, `emnotify`, `deftax`, `deftax2`, `defCountry`, `defCountry2`, `resip`, `licsubj`, `licmsg`, `licenable`,
`maxupdate`, `geoip`, `statistics`, `minpurchase`, `cdpur`, `rss`, `hideparams`, `acclogin`, `accloginflag`, `termsmsg`, `termsenable`, `smtp_debug`,
`smtp_rfrom`, `smtp_remail`, `smtp_send`, `smtp_certs`, `approve`
) VALUES (
'My Music Store', 'email@example.com', 'Manual', '', 'j M Y', 'H:i:s', 'DD-MM-YYYY', 'Europe/London', 'sun', 'no', 'no', 'test', 'yes', 'no', '2.5', '', '', '', '', '587',
'', '', '', '', 'yes', 0, '', '', 'GBP', 1, '&pound;{AMOUNT}', 'a:8:{i:0;i:30;i:1;s:3:"min";i:2;i:3;i:3;s:2:"no";i:4;s:2:"no";i:5;i:5;i:6;s:3:"yes";i:7;s:3:"tmp";}',
'', '', '_theme_default', '', '', '', 8, 'a:8:{s:7:"salecus";s:1:"1";s:7:"saleweb";s:1:"1";s:10:"salecuspen";s:1:"1";s:10:"salewebpen";s:1:"1";s:7:"cusprof";s:1:"1";s:7:"webprof";s:1:"1";s:5:"cuscr";s:1:"1";s:5:"webcr";s:1:"1";}',
0, 0, 183, 183, 'no', 'License Agreement - Please Read', 'Hi {NAME},\r\n\r\nRegarding invoice {INVOICE}, this email licenses you for the following:\r\n\r\nTracks:\r\n{TRACKS}\r\n\r\nCD Downloads:\r\n{CDD}\r\n\r\nCDs\r\n{CD}\r\n\r\nFor transaction id {ID}, purchased on {DATE}.',
'no', 0, 'yes', 'a:4:{s:5:"years";s:9:"2013,2014";s:4:"best";s:2:"20";s:5:"month";s:4:"this";s:6:"legacy";s:2:"15";}', '', 'no', 'yes', 'yes', 'yes', 0, '', 'no', 'yes', '', '', 'smtp', 'no', 'no');

INSERT INTO `mm_social` (`desc`, `param`, `value`) VALUES
('addthis', 'code', ''),
('disqus', 'disname', ''),
('disqus', 'discat', ''),
('pushover', 'pushuser', ''),
('pushover', 'pushtoken', ''),
('facebook', 'fbinsights', ''),
('twitter', 'conkey', ''),
('twitter', 'consecret', ''),
('twitter', 'token', ''),
('twitter', 'key', ''),
('addthis', 'html', '<div class="addthis_sharing_toolbox"></div>'),
('struct', 'twitter', 'yes'),
('struct', 'fb', 'yes'),
('struct', 'google', 'yes'),
('twitter', 'user', ''),
('links', 'fab fa-google', 'https://www.google.com'),
('links', 'fab fa-lastfm', 'https://www.lastfm.com'),
('links', 'fab fa-linkedin', 'https://www.linkedin.com'),
('links', 'fab fa-facebook', 'https://www.facebook.com'),
('links', 'fab fa-spotify', 'https://www.spotify.com'),
('links', 'fab fa-twitter', 'https://www.twitter.com'),
('links', 'fab fa-youtube', 'https://www.youtube.com'),
('links', 'fab fa-soundcloud', 'https://www.soundcloud.com');